name,group,parameters,receptive field,latency (ms),peak val acc,generalization gap,best epoch,test acc,time/epoch (s)
t2_baseline,baseline,620362,22,0.3321647644042969,0.768,0.1339111111111111,8,0.7529,13.890277314186097
t2_conv2,depth,1070794,10,0.27959108352661133,0.736,0.1866,8,0.7225,13.345926296710967
t2_conv5,depth,1046858,94,0.4769301414489746,0.7642,0.2018444444444445,14,0.7548,13.54679913520813
t2_fc1,depth,113738,22,0.28391122817993164,0.7578,0.09508888888888889,9,0.7408,13.121522796154022
t2_fc4,depth,1307850,22,0.4275941848754883,0.7582,0.19382222222222223,11,0.7463,13.453627240657806
t2_kernel5,kernel,785738,36,0.8249497413635254,0.7524,0.16842222222222225,8,0.7334,13.463235211372375
t2_kernel7,kernel,1033802,50,0.9122562408447266,0.7114,0.14768888888888887,8,0.6937,13.500836110115051
t2_stride2,stride_padding,620362,15,0.17638683319091797,0.6886,0.1781555555555555,8,0.6794,12.549547791481018
t2_no_padding,stride_padding,227146,22,0.2937793731689453,0.7428,0.07548888888888883,9,0.7313,12.802358031272888
t2_batchnorm,batchnorm,620810,22,0.5048871040344238,0.7846,0.1481555555555556,11,0.7737,13.176859498023987
t2_sgd,optimizer,620362,22,0.3490900993347168,0.7674,0.21955555555555561,20,0.7591,12.93842692375183
t2_adamw,optimizer,620362,22,0.34557104110717773,0.7662,0.1282888888888889,8,0.7549,12.84144686460495
t2_lr1e-2,learning_rate,620362,22,0.4192066192626953,0.106,-0.007977777777777778,8,0.1,12.738584196567535
t2_lr1e-4,learning_rate,620362,22,0.44849157333374023,0.6982,0.025155555555555487,18,0.6942,12.770969212055206
t2_step_lr,scheduler,620362,22,0.40949344635009766,0.782,0.14608888888888882,8,0.7729,12.81487455368042
t2_cosine_lr,scheduler,620362,22,0.45658349990844727,0.775,0.22499999999999998,20,0.7693,12.739305055141449
t2_aug_basic,augmentation,620362,22,0.5654168128967285,0.817,0.007488888888888989,20,0.8045,17.67489000558853
t2_aug_full,augmentation,620362,22,0.5006885528564453,0.7972,-0.0437333333333334,19,0.7798,32.13927420377731
t2_aug_mixup,augmentation,620362,22,0.47634363174438477,0.7872,-0.3746666666666667,19,0.7793,32.6317400097847
t2_best,final,1423114,22,1.1262154579162598,0.8384,-0.049866666666666726,29,0.8244,33.529143166542056
